MSA_Name,AdvWeightedGap_2006,AdvWeightedGap_2007,AdvWeightedGap_2008,AdvWeightedGap_2009,AdvWeightedGap_2010,AdvWeightedGap_2011,AdvWeightedGap_2012,AdvWeightedGap_2013,AdvWeightedGap_2014,AdvWeightedGap_2015,AdvWeightedGap_2016,AdvWeightedGap_2017,AdvWeightedGap_2018,AdvWeightedGap_2019,AdvWeightedGap_2020,AdvWeightedGap_2021,AdvWeightedGap_2022,AdvWeightedGap_2023,Adv_Weight_LQ_2015_2018_Anchor,Avg_AdvWeightedGap_PreCOVID_2006_2019,Avg_AdvWeightedGap_COVID_2020_2023,Latest_Year_AdvWeightedGap_2023,Market_Category_Mode_2020_2023
"Dallas-Fort Worth-Arlington, TX",-3793891.3233825415,-1436580.6955088228,5499788.803317517,2472211.859338738,2760252.6220301837,-110243.49544928968,1824858.9631668925,291847.854309991,131550.0452272892,106251.71795064211,-2617052.7388327047,3259495.7000381947,1221419.053930536,4064165.11842642,-8043757.063633218,10884706.234024055,6878327.833984442,24181385.63964755,0.5267828101196688,976719.5346116461,8475165.661005707,24181385.63964755,Moderate Structural Surplus
"Memphis, TN-MS-AR",2157509.215503644,2369442.0310488883,-682875.2141622156,559169.6083917208,3182242.615332151,1708743.1137008574,3567876.167032508,1545047.3504892774,1351949.8765309993,-865974.202728739,2597678.753945742,1561746.828522263,2358733.141967982,2914015.7906576023,2066637.0979328267,3728051.0647895113,2586752.7741723508,8487749.525460986,0.4123165929010662,1737521.791159477,4217297.615588918,8487749.525460986,Moderate Structural Surplus
"Indianapolis-Carmel-Greenwood, IN",2725051.616957279,698290.2133448143,680398.3436950948,574751.7082222104,1783462.9497739226,2387014.990987288,3251818.8540155776,3125356.0384665,1741464.0311505906,607594.5311922021,-560950.7993209716,-251235.34907060117,-731221.069719201,-865447.60631302,526196.2933977786,3215095.7842874173,4667658.559840454,7758058.139473122,0.5086005415218712,1083310.6038129774,4041752.194249693,7758058.139473122,Moderate Structural Surplus
"Seattle-Tacoma-Bellevue, WA",-599752.1231872197,-267050.3976304177,623880.0895072985,-127578.1481047459,332358.6127025001,1180304.2967836075,444369.15934148617,1366703.1080316808,998954.2739054449,1001192.2708400711,38700.20860467851,-341324.57317031175,1468365.1448077438,1484169.9658176433,4556304.841090163,-3039425.547925465,5408119.539221948,8941757.643822052,0.5893548720831256,543092.2777321043,3966689.1190521745,8941757.643822052,Moderate Structural Surplus
"Phoenix-Mesa-Chandler, AZ",1866591.3297242094,1960142.0646856483,-9027.642850529402,1101342.0245085992,1727321.9207857773,-2393924.592679467,-2999969.1892634854,-2277899.561339043,-276278.3076739721,-235832.4468425326,-1072132.9463318847,-2090770.9979661778,-1551518.3602436967,-1135989.9509279188,-8199630.991479874,1425725.7725936733,5440034.180476069,14165244.7354086,0.48673339113318764,-527710.4754581767,3207843.4242496174,14165244.7354086,Moderate Structural Deficit
"Riverside-San Bernardino-Ontario, CA",2025863.9039801024,1888868.331491366,5978906.391535275,3054284.3389050476,-4754185.368582055,-3053543.6490603946,-1326100.3340844698,-2116671.481552124,183094.99906934798,456366.79698731005,807519.9128264897,424875.060329698,836420.5954090804,711104.0146640632,-3270791.1621901803,722753.8377931658,1440094.2643743772,13931213.528416498,0.345322903039724,365485.96513705264,3205817.617098465,13931213.528416498,Structurally Balanced
"Allentown-Bethlehem-Easton, PA-NJ",-167759.43711676635,1058948.6039968412,58729.171750858426,-530943.3059100965,-1742091.7139097732,-968339.0782031119,462392.5201121541,-579156.0367605574,-1501584.5506950933,1646523.905597136,310237.479197721,95488.8425016366,743026.9414709783,1318917.662462031,3588859.6710842443,1611020.0894180238,2048808.6560294358,3857981.589266643,0.47434753082544223,14599.357463854132,2776667.501449587,3857981.589266643,Significant Structural Surplus
"San Jose-Sunnyvale-Santa Clara, CA",1763584.933602728,543360.8799992241,2905967.600721851,4601641.35643582,2454871.8832161054,-140157.79959786683,2017477.8332059626,3797068.386660669,891640.7739687823,221415.65833834372,-142985.9127072338,1895021.9565596394,2007671.4158982597,1744851.0742014237,4797139.115324387,1402675.0576218814,329544.2508355789,3729417.9176749233,0.7452926099718026,1754387.8600359794,2564694.0853641927,3729417.9176749233,Moderate Structural Surplus
"Charleston-North Charleston, SC",,-56753.93320052372,1035375.3572836588,-2029.1887021884322,140624.4869702123,-889430.882594197,305766.243942501,456986.86213792674,3774.3200893639587,286833.93317455705,-498526.9283449268,934632.3799727736,392103.70888649207,236221.89853695454,1269587.7990615265,-146367.01755240466,3007733.21317256,5069424.607280808,0.5632888921098202,180429.09678096956,2300094.6504906225,5069424.607280808,Significant Structural Surplus
"Denver-Aurora-Centennial, CO",483777.99051130563,-1038634.2106605396,-1293179.909271989,-377051.0748676043,-950818.3314840384,-653276.5016546752,-1121212.4302910864,-1611662.0417379197,-406849.21258738264,128324.62897206098,1092287.7060250975,-153256.36638200935,2031264.4804954818,594667.1938696038,1614574.1471760627,-624824.4457441028,2485045.4071927276,4374285.690289933,0.5310783580196166,-233972.71993312106,1962270.1997286552,4374285.690289933,Moderate Structural Surplus
"Stockton-Lodi, CA",,394093.3893233179,404269.042605788,80245.60606092075,942134.6464182758,241707.94308203692,547759.8926377399,239380.41142187594,64209.16923543997,-383616.7100191908,-502349.00133167836,294784.0607095696,160482.9882130425,362448.6561055111,1745653.9791811558,883801.337017515,2024285.1125728076,2428922.773909717,0.2227474164703419,218888.46880481916,1770665.8006702987,2428922.773909717,Significant Structural Surplus
"Worcester, MA",1592828.6291199084,2943324.509345906,2360308.6563083045,1720268.0306080366,1868656.6936759325,1830164.3290996999,764888.3814983778,563106.5916299643,405524.32188688964,1304542.288450893,232176.81035344023,225405.48929056805,1039794.9252450485,365276.1613780521,,1205879.5926321717,2262869.80979822,1793888.0199642875,0.48987556482979155,1229733.2727065014,1754212.47413156,1793888.0199642875,Significant Structural Surplus
"San Diego-Chula Vista-Carlsbad, CA",518356.1805804521,-208636.40488429554,-436067.44667636603,1579072.6897406224,-144345.02533991635,335932.4860786963,-176115.44393045083,-347187.34325186536,499009.2736332454,47368.07609678432,-456524.8965055719,492489.49247961305,1042232.9357624929,1178215.198440276,1954383.0921642883,-1507026.7284635948,808385.3609278603,5738795.8926780615,0.5942999190466253,280271.41230169404,1748634.4043266538,5738795.8926780615,Moderate Structural Deficit
"Greenville-Anderson-Greer, SC",1832035.0425522411,251595.33710452076,650239.0304088015,1502951.195497036,974053.6692249123,1199293.5325428294,509254.3895471934,-49912.0112311868,1452950.081974199,334246.27322614007,637648.038880175,1504706.7543574544,253011.46015100088,1619838.4595227432,1048141.9022411928,-120420.27746686479,2356900.116422841,3576100.2627681014,0.5406614720802202,905136.5181255757,1715180.5009913174,3576100.2627681014,Significant Structural Surplus
"Austin-Round Rock-San Marcos, TX",-1752478.5959127434,42307.588430793025,690807.1374881733,-1882407.2217777409,-1242354.8800849756,-1371562.4464320662,-1083035.6835718602,-377609.88761054445,144040.16195500642,-1059029.800469201,31598.674099714495,417913.0641381368,396267.84766742866,895756.5345821781,304507.019670737,-1797655.8065578807,2506671.9512196053,5484762.594650721,0.5909382752903728,-439270.5362498358,1624571.4397457957,5484762.594650721,Moderate Structural Surplus
"Nashville-Davidson--Murfreesboro--Franklin, TN",-1497784.3959492352,1822701.2371101696,1732241.0390363801,2975048.6646059453,4137128.0798633266,-770616.7646030821,234684.8964917548,175984.00008900277,-451928.4590125121,-2096131.4114935473,-467003.63534621894,-1498159.0755686332,1763331.2903500507,466010.7253034776,2009189.9286393402,544856.2987464163,367794.8821222093,2962816.67760549,0.5090955988946715,466107.5850626342,1471164.446778364,2962816.67760549,Moderate Structural Surplus
"Buffalo-Cheektowaga, NY",,-988991.4445689963,755049.8948653722,592253.5904456656,-150046.99984235782,-40445.71635873709,-1079810.369439193,-313084.0754969893,-518276.0768110426,-416565.83493018616,274358.2545174891,15423.02320025349,28005.416531980503,656425.2183815725,2453442.684819347,795558.9695909014,442352.19101046724,1659590.2847198052,0.4813667569013179,-91208.08611578222,1337736.0325351302,1659590.2847198052,Moderate Structural Surplus
"Oklahoma City, OK",-888911.9460996841,-166444.64000628004,-405007.26050773636,-196910.64647546783,-628048.1292650355,-666800.8641460678,32920.630960244685,70336.97657802328,728429.864453698,268976.4861695124,297048.42239965126,706387.0629261285,-79597.77080237074,-77473.96991409361,591562.5747377328,336197.83372653136,1841406.3650804302,1494914.397834279,0.4509615723252123,-71792.55598067699,1066020.2928447435,1494914.397834279,Moderate Structural Surplus
"San Francisco-Oakland-Fremont, CA",-1623909.1028836216,-1452080.3252764824,-240655.8143645972,-676409.2954913694,-249764.9117078064,-88967.82834000047,-553192.1571773626,-2490017.8296940792,-1063409.2492699493,-813239.3502129647,-335575.2417949913,-924025.0286007142,-829441.4083303907,-104854.88546592137,264620.4629179593,933832.1625410249,590597.5628428683,2373289.6350492137,0.6126760747944751,-817538.7449007322,1040584.9558377665,2373289.6350492137,Moderate Structural Surplus
"St. Louis, MO-IL",1080569.561938839,705664.1756458543,567691.5667198319,3249312.7757177167,1512633.8159111775,1489891.015688654,2177920.345848251,1935185.587282678,732342.9565607589,2293344.6138321664,807972.0648570228,398691.5021324307,1244490.341647448,3182206.501918629,195674.13789482974,1027366.3367678504,-830608.01251157,3424647.117797969,0.47819054921188037,1526994.0589786756,954269.8949872698,3424647.117797969,Structurally Balanced
"Toledo, OH",-357484.3346507456,226821.72935648263,-171067.8332458306,-1174311.6356036812,-1348137.9676849963,1031789.2199875563,769951.3355761515,440381.45520701073,18017.39969876781,99432.8717686208,-50035.81350424094,80850.93726434652,241211.56460806122,50471.98352521192,964382.8645309317,1445203.06541452,193308.96874594456,1156135.9396700875,0.5470457712554969,-10150.64912123466,939757.709590371,1156135.9396700875,Moderate Structural Surplus
"Lakeland-Winter Haven, FL",-217665.85697907303,539785.1366120197,-558057.4150510107,527801.9838338024,81422.11234283773,62416.358888292685,-181286.68463093136,275504.0883475761,-296449.1776505504,176000.79412074434,-81080.90431399876,-19855.22139233374,410231.2670005283,-7125.799625170883,390942.9363818243,352541.05209841207,920890.0800053095,1581057.5455282545,0.3194121225984212,50831.477250195174,811357.9035034501,1581057.5455282545,Moderate Structural Surplus
"Scranton--Wilkes-Barre, PA",580172.1641140063,-34959.34033821244,-474186.4192813644,-415809.0404049596,-31576.644363710657,60422.90961700212,472589.96630875766,926326.6519377413,280167.0041696164,711079.1038128808,472814.61372716073,130675.64192529535,-126672.4363567112,731957.1956043812,1243499.1341859945,364860.96032518335,548175.6784992712,798391.9797809732,0.3913667284914907,234500.09789084882,738731.9381978556,798391.9797809732,Moderate Structural Surplus
"Des Moines-West Des Moines, IA",,-121347.14289628062,-239992.07525457675,-925278.2924454841,-645438.3487580931,-732799.554764139,-639035.1591037326,-499570.5566408611,71224.94200339122,-446744.86360498937,-86289.31093757809,533866.9906911764,374203.81534574623,126399.27373986808,434055.0551589709,532238.4676103506,861019.341468463,1112716.5855137024,0.4061706280038037,-248523.09866350406,735007.3624378718,1112716.5855137024,Moderate Structural Surplus
"Las Vegas-Henderson-North Las Vegas, NV",236780.38156749727,-232010.2188500273,-152499.21792670246,227244.64076428302,-268677.3281796435,347742.05712315254,-216703.05864874367,-531357.7937763268,-267483.20303185564,-73922.43326462945,599843.7354979054,-234591.03176218737,-220179.68122748705,-348584.30833781324,819764.3690315932,-760045.7964080966,530260.065222587,2315100.216855676,0.2914510538616219,-81028.39000375559,726269.7136754398,2315100.216855676,Moderate Structural Surplus
"Houston-Pasadena-The Woodlands, TX",-931449.7039171271,-3833182.973267168,-4200637.89738344,-1474638.678209588,1713347.6706323586,919031.4361690916,-227059.51803169027,-347463.84295623377,-1164261.961187698,-366320.96685259417,946679.1116621643,1153832.574275203,-554771.0892437473,4875886.986979827,9172339.217337005,-2227744.5241234824,-568880.3480099291,-3481764.3785475567,0.5581049029964206,-249357.77509504583,723487.4916640092,-3481764.3785475567,Structurally Balanced
"Rochester, NY",,149926.73365385737,1899371.8508450417,443945.91051939875,664094.4861235451,-670498.6083000004,-909348.614497263,207645.83226268645,724197.7450343929,-86340.51664481219,447681.0481183799,719305.7063431367,988325.2480858467,48953.67312411312,2242282.927021237,-50901.565760219004,-132204.50835922966,515855.1380499308,0.5119011320368286,355943.1149744864,643757.9977379298,515855.1380499308,Structurally Balanced
"Salt Lake City-Murray, UT",55596.70889952313,-1312361.763151762,622013.9278186299,-36476.82396884076,-1178804.8321622992,-1098199.4298629435,293649.5946095949,-305873.246717589,196652.02811318543,409792.30504637863,-422015.4930637926,-663537.1880834666,355138.8955315221,-565959.0583315277,61264.3843382895,-1615923.842360422,465927.6820796123,3518571.016210282,0.540007303982643,-260741.74109452768,607459.8100669405,3518571.016210282,Structurally Balanced
"Portland-Vancouver-Hillsboro, OR-WA",-671759.3206011597,-1257452.2361607011,-484073.7066935776,3568659.596738208,1011140.7323151827,78340.52307579853,512082.91308132,1108860.540986983,1156302.541034164,691248.425709012,-482840.4989153184,-585384.1134726284,571817.703115942,533198.3192382865,222616.6302908901,-314832.30192023795,-472004.0767599093,2972259.7525198245,0.5536466970599397,410724.3871036794,602010.0010326419,2972259.7525198245,Structurally Balanced
"Boise City, ID",,40225.767157059396,47021.69437650242,259799.7755383607,-99150.53871304262,99420.70068443567,28708.7670119768,-140951.2469163339,-197276.21649525547,159916.66324565327,-133254.24860907532,166152.9373734597,-253959.42082562507,19546.196154468576,208260.84702120326,-78805.87662105169,979630.5257622004,1293965.4324264603,0.4804427752920995,-292.24384749353004,600762.7321472031,1293965.4324264603,Significant Structural Surplus
"Bakersfield-Delano, CA",,-408029.3282541053,251626.35613972903,145316.84501580312,63259.06610007305,170076.23897322593,-390306.6655757779,-214073.51746315754,-14546.536250745761,34664.42562325939,64216.74438971025,473226.37440080754,-219020.5156677995,-183687.5109077862,238402.7124027199,474816.2854809606,711588.1745981715,959808.284753553,0.3464003301969438,-17482.92488282799,596153.8643088513,959808.284753553,Moderate Structural Surplus
"El Paso, TX",,711014.5338693971,372744.8338471926,421135.1634987993,85127.33961983304,134581.31985108787,554337.9166447246,274397.46671813587,475927.7511129291,553575.8109636649,-152257.9474499668,-402411.17446836643,-74162.15119593497,-59943.81789154373,175739.12423205795,-47192.12322886102,1129412.0539796571,1099078.463598431,0.3179091198693439,222620.54193230404,589259.3796453213,1099078.463598431,Significant Structural Surplus
"Greensboro-High Point, NC",-681855.1324556032,1494930.2759982059,763568.7122236639,2820309.762645012,-172218.85424685664,1713390.2733725328,1685614.2176599689,1629739.4626929015,247309.709976892,225875.12282468379,879641.4223313304,-601989.2861411776,393121.8514630273,66815.55382376397,83640.72995370952,541459.3396618827,280875.66361537017,1367893.5546761914,0.46476787851963913,747446.649440596,568467.3219767885,1367893.5546761914,Structurally Balanced
"Harrisburg-Carlisle, PA",237371.14548988407,536545.0683541773,673480.2382308943,-231685.46420281753,332362.50926136784,1331858.035341232,780067.4798563793,679809.7955682473,-431970.8083757954,526683.7775558475,-31275.924438661896,218352.1815679362,604917.6615957627,136534.4575139042,-113467.84454088379,349020.988178947,146640.58438145742,1728692.774757425,0.403405472096542,383075.0109513113,527721.6256942365,1728692.774757425,Structurally Balanced
"Provo-Orem-Lehi, UT",-155256.00249771494,-180061.92009763455,115912.79923967714,148981.26719190786,388779.42972767237,-74324.31990454416,40262.33584838337,-275216.9781799016,6745.077874643612,299047.6783362831,-187058.04429999983,8283.012642112793,22624.149153929204,-155087.6473902457,198689.02957942814,106782.57436680072,723662.4008339862,960967.0995744492,0.5486614278421206,259.3455460406175,497525.27608866605,960967.0995744492,Moderate Structural Surplus
"Jacksonville, FL",208264.54044051142,846356.5065713883,1118550.6792961434,1688374.6839227183,-265095.0243888162,-753534.812136028,170407.0246449504,-788846.0139218261,-517745.062640951,-802036.1243411312,228055.79580789246,9224.08096802514,-206141.09257718595,538466.6923321555,661668.9686961742,-295856.2741333656,1216851.6954156654,312618.1806510817,0.4344500432646367,105307.27671270331,473820.64265738893,312618.1806510817,Moderate Structural Surplus
"Birmingham, AL",315513.202089651,-380692.61546682194,10343.662699801847,404389.68382852897,898301.8577045901,1020506.9085751642,1096225.3363901926,365952.7620315533,-150126.77847703174,471424.4593675062,769796.5641067377,46743.77744531119,248937.52691474045,-9040.981270278804,996836.1096355761,-229625.31745378394,187744.10123975575,934621.1810952476,0.4620335985828316,364876.8118528318,472394.0186291989,934621.1810952476,Moderate Structural Surplus
"Tulsa, OK",595031.6012237342,-481742.920671063,-761560.8683809163,137625.22740414366,-130989.1884701075,50939.58422394376,570491.6393450256,236459.84291883558,-323410.27923490107,-257837.02948135836,792451.4565950744,113789.77814935893,257512.80706969928,80288.53228443116,545612.6925270734,762391.1114956811,851344.2429312095,-414835.406458945,0.5201267984883063,62789.29878399288,436128.16012375476,-414835.406458945,Moderate Structural Surplus
"Oxnard-Thousand Oaks-Ventura, CA",-617071.752931704,-40939.262030242244,392590.80655050045,1465794.3771116827,163418.8928802209,46575.48677327065,-67574.62860819139,70333.99305151915,-209084.8026877744,-715394.5998673406,66388.30508892518,199053.07965099532,405324.78341932734,559821.4593873345,572166.1328788716,-178842.6336709382,86135.92568647047,1224711.0363742178,0.5177198143273112,122802.58127060882,426042.61531715543,1224711.0363742178,Structurally Balanced
"New Haven, CT",407605.2618674962,1254297.1241681166,-334655.59637845773,484058.9160518693,546293.1669579297,-698920.3014839515,-646523.6563895866,-67566.5607410213,-249931.0166643411,-228440.74278106447,-377567.934508482,268362.7081902763,137935.1797934249,289900.44668811746,635413.7437462942,430512.44053839426,117413.49913770799,328461.2384143565,0.4549497270895815,56060.499626451834,377950.2304591882,328461.2384143565,Moderate Structural Surplus
"Ogden, UT",-201687.83999152738,-28080.294064475223,469423.0168854939,191203.5646437714,-664147.2929174299,329981.8263811369,-60319.13586080866,-180340.8913568263,-290788.1911264148,-131060.28447268158,-113413.66648551542,-273399.56785890786,565514.3629494249,-395536.9620393622,385408.3148162584,1956.8746826763963,421409.65118105046,680370.2051387501,0.5629828831184613,-55903.66823672302,372286.26145468384,680370.2051387501,Moderate Structural Surplus
"Cape Coral-Fort Myers, FL",-269595.24316644383,231357.6345971407,252202.29781526187,-111061.8114267462,241093.05411259574,173176.36176469177,-119348.69416277786,22214.792179552373,-33442.136179218185,-68847.64705946704,-41334.81635203952,28715.178503315372,33770.78587205766,16363.856097985408,269830.59144739975,91959.56576147024,345473.50750148547,533185.4170234156,0.3314382350534199,25375.972328279164,310112.2704334428,533185.4170234156,Moderate Structural Surplus
"Wichita, KS",,-71004.83037705068,-1597655.2985455277,-252886.2793558212,126666.74055129569,24439.465479029343,282532.8156603379,847815.901757435,787634.9859846137,70032.86605035514,-1626798.593230851,-289959.12358465744,-219599.9170858683,42542.43538756855,435273.35187252564,-566711.8664957576,-70318.12558770296,1367977.019639161,0.8958953990654199,-144326.063946857,291555.0948570565,1367977.019639161,Structurally Balanced
"Raleigh-Cary, NC",-79815.63229185203,179008.02199337306,-213806.6322072451,-291722.06073679775,-479957.1127939811,300106.34869084135,332708.410028548,14231.018555887043,10191.001828318462,-306414.28853999544,-38748.398056361824,-55412.7259345809,-289266.4411461507,-587778.5064941761,9725.801052977331,-1117014.224329671,527295.9050751356,1712278.521488519,0.5659998102689113,-107619.78550744093,283071.50082174025,1712278.521488519,Structurally Balanced
"Omaha, NE-IA",,589503.35810389,-411898.5436164143,-503120.4662062172,193209.04460222414,88020.3374019484,-14691.897257544566,-249574.12660182966,100708.8880433375,191019.89459540183,17935.8941999604,-307846.58566595474,8051.766511992319,327516.4268452686,638303.8607977822,16890.158347432734,170469.26089897426,277690.5082965153,0.4288673465382523,2217.999304312514,275838.4470851761,277690.5082965153,Moderate Structural Surplus
"Fresno, CA",,-12309.113349902676,322246.74273176957,153331.79198329826,-216858.85815971904,-610487.5458147032,-288514.7593118707,113004.03824981954,-684.9691432081163,-153604.40761648677,9864.047271632822,-25919.665471315617,-110032.0317719254,125273.60202720459,351451.55749903026,351775.9280832742,94053.02779725031,198100.30377181468,0.2506575192878946,-53437.77910580052,248845.20428784238,198100.30377181468,Moderate Structural Surplus
"Kiryas Joel-Poughkeepsie-Newburgh, NY",212038.55887934216,378816.49592220434,256891.5444895695,319346.968257796,34312.33374945307,-7900.1159688076,143776.47818105808,687528.3029416427,151659.48383065034,-209529.9952475028,102363.560548482,53009.23603639146,29491.692274154164,-119558.81367661536,86747.91719585436,-16173.236363840173,513097.6710378034,301978.1239804118,0.4006504562303693,145160.40930127274,221412.61896255735,301978.1239804118,Structurally Balanced
"Spokane-Spokane Valley, WA",,-5565.672643740196,-168604.200160034,-164190.12460232968,-175764.52341391402,-116394.03523491602,50534.93500056269,3496.43051556556,-244818.1039462632,-220152.4864818051,-177669.18903976423,-109951.0363224083,-94907.56639975321,5428.488418033812,292534.49157819536,-102047.32442286401,326261.8474278434,324821.0803429707,0.4038672033883105,-109119.77571621275,210392.52373153635,324821.0803429707,Moderate Structural Surplus
"Tucson, AZ",-505401.4489533802,77311.1743476754,-110728.18436276028,-120943.35898103984,-157981.04972845828,275514.2708640769,46255.78155233571,-46517.89626841899,95149.18169349618,301517.73129712464,-77241.15130705107,158495.03504441888,-82455.513346388,-118712.64964429103,-47884.19621384516,-323239.06163034844,571888.067472944,618285.9419759642,0.5030994261420749,-18981.291270904283,204762.68790117867,618285.9419759642,Moderate Structural Surplus
"Deltona-Daytona Beach-Ormond Beach, FL",,-249723.56268619036,13058.88842414273,-124901.67826617428,92740.70155802346,-163799.21044263477,-113364.31778044067,-70580.22770071973,-136448.12940980238,-103803.91985685681,-88149.1139442987,-14399.635906778974,88805.27736361045,-31717.669077608385,501323.6133343466,93310.07567676983,287039.9461996113,-115368.83921188826,0.4020354510502388,-69406.35367120987,191576.19899970986,-115368.83921188826,Moderate Structural Deficit
"Columbia, SC",,-569103.1667868812,402428.65468055476,-264966.40234736307,-332254.5079520717,291871.83864844404,252843.78631138802,161023.19871193497,198989.7671977845,563005.1645430513,316052.8425361905,-419589.58598823147,-693108.4523448143,-549262.0663940485,24706.728978462983,-71763.35384226637,-67118.74716424756,854826.358172188,0.4270521848544292,-49389.91762954324,185162.74653603428,854826.358172188,Structurally Balanced
"Baltimore-Columbia-Towson, MD",2514345.6397157814,1382622.5460211746,-1638441.417157419,-1905043.8463493325,-2563169.5526224114,-2385691.6160221025,653797.732607916,1601377.235746514,356857.1569202244,1157821.8842186872,-1301335.1035983022,-190278.9198200386,-153710.77701834217,3142387.6632448453,-658374.6650158353,-1792928.4475579672,-975642.4845956378,4095510.761946311,0.509189592236838,47967.04470622819,167141.29119421775,4095510.761946311,Structurally Balanced
"Richmond, VA",1101611.5971755055,-191194.1419115318,265060.74781216774,407205.20146142785,530089.6996585326,667467.1579269664,-617661.4178238222,15479.488612341695,-430908.92598422244,142683.86470012832,823870.7729243618,4673.0760137951,-1198650.5744401775,108532.54313742463,651457.6760489582,-488782.83482870227,-171470.10421242472,607221.4041099469,0.4034907248214866,116304.22066163554,149606.53527944454,607221.4041099469,Moderate Structural Surplus
"Chattanooga, TN-GA",,562006.7021796312,-164526.03981633577,761275.6636480428,606536.8389834166,592018.7786181532,-37576.73041515704,-272285.6171136284,-446403.1649269024,-122035.83684610482,-363112.47033967497,-55453.68709823303,4156.918349633459,-249889.1471035434,41165.91407703655,-155084.661184176,167931.206098421,512239.6368740336,0.49890955466083065,62670.16985533057,141563.0239663288,512239.6368740336,Moderate Structural Deficit
"Akron, OH",286740.114822329,-1324202.361327989,247934.6498150248,124230.94037530664,480071.3105372917,-188264.42726703454,-909700.3493624469,-558130.264739072,33839.6869186759,836446.9357015654,516602.43287615664,63909.18351734197,200678.84751789225,-147292.81610564375,-234316.55548843322,288179.3529678653,-404606.3271824196,896453.5698606279,0.472866147715193,-24081.151194328708,136427.5100394101,896453.5698606279,Structurally Balanced
"Dayton-Kettering-Beavercreek, OH",1360698.9986828798,235855.93859651685,-531011.2473091707,-409838.01617297623,-2074219.3400372295,-135219.45749439672,-591136.4861627836,502534.38029221166,159097.82312604226,-566181.214374355,-346275.5513269203,-87509.20626609214,542223.4843216073,106570.90006548911,-989223.0971474592,-322686.811319096,569509.1694031572,1178004.1999051552,0.5232739840241768,-131029.21386136979,108900.86521043931,1178004.1999051552,Structurally Balanced
"Urban Honolulu, HI",,-117960.49889837368,-77293.31983789534,83991.53218235029,-115506.15750983078,-50834.068790384335,-28904.517169491155,111944.46960689826,99457.14025214454,-21936.619860206847,-46723.90703510528,-92841.29199687461,-89193.76125028857,96063.96558873646,455827.40477129933,57300.00792715349,-137268.25826897228,12589.249463016167,0.415293149837689,-19210.541132178543,97112.10097312418,12589.249463016167,Structurally Balanced
"New Orleans-Metairie, LA",,-565169.726310251,57462.51372011006,40112.45554685779,27416.121704310644,349768.6793034882,108523.40889967233,-206312.5014478811,154929.35774676874,306956.958214174,-341835.0770720842,253314.19605075568,-291625.57628934644,169539.06175032794,1055787.7254898902,417502.26914607873,-518503.40534909535,-618841.0232319885,0.457242658852534,4852.297832069435,83986.39151372126,-618841.0232319885,Moderate Structural Deficit
"North Port-Bradenton-Sarasota, FL",189082.887190277,-82755.76779266912,169245.9528232913,124966.33982902206,567853.9168196018,32194.053088868037,-93615.99394595763,221168.15857254737,9690.838794089854,252246.5334320322,3182.1742717187153,-36385.539965946926,43523.93748648162,25009.006352261407,73549.48208073003,-70801.34624877915,116557.38323266909,117481.17660370539,0.3757800531567235,101814.74978254412,59196.67391708134,117481.17660370539,Structurally Balanced
"Winston-Salem, NC",56721.719635591144,297747.16409392864,196575.983268925,1078797.209317803,-269327.636725124,559209.003718623,-687452.7207824443,-394094.6812341516,-764803.7065762961,-336211.757865682,-205883.4647670798,278917.7955283448,239309.06941626174,86650.99137542117,244346.86320047337,-375884.5533501657,-201574.01291424548,444391.9623930382,0.3811556853085291,9725.35488600861,27820.064832275093,444391.9623930382,Structurally Balanced
"Madison, WI",-117978.38379339594,201256.0358678992,-453774.1886036047,134404.22164028604,231774.1925698812,380071.8223919091,449244.3721987773,-312386.1089566201,199858.15559612168,-58099.034820287954,-352673.4888885927,-231814.7194052674,21347.545522138244,435092.21985840355,217842.22080129315,-347383.9167284656,-29024.23057193891,263919.6084446653,0.5220803037549507,37594.474369831965,26338.420486388495,263919.6084446653,Structurally Balanced
"Augusta-Richmond County, GA-SC",,248438.74214542285,481033.32512540976,-54520.24319251487,123823.66793829622,-486273.85487903934,-173408.40037706215,-383695.53361679707,-1070845.8737402163,-204004.7265977934,705203.6217220859,747707.2224313882,-277402.1835574573,-803042.5891491193,419723.6269174828,-190418.79739218275,2713.540069184499,-194731.92365728715,0.4641631362443883,-88229.75582672283,9321.611484299356,-194731.92365728715,Structurally Balanced
"McAllen-Edinburg-Mission, TX",,-197641.43048819492,-129637.00193178258,-69579.29979200847,-92287.9198812733,-189769.19245963893,-79581.26670733793,77513.61329953489,99522.302941364,5089.010075165541,-93843.59398088232,-43312.34749073931,-127941.07985757675,72144.5039542095,95136.4014314132,-10834.973358050105,-80917.46290397114,-7572.543329069071,0.1877626731830496,-59178.74633224312,-1047.1445399192817,-7572.543329069071,Structurally Balanced
"Albany-Schenectady-Troy, NY",,-15471.290501578245,-1019301.092227303,-974604.8094843184,-968800.4863663707,-478349.1986261485,-298117.39865626814,-514953.6568633993,-229688.72205134528,-520216.0172678549,341487.57794091525,31732.86194123747,-181667.05994700175,-8835.049634167692,440425.9124681894,-259618.97562221438,-144323.5211646338,-49254.78330893628,0.5135192464943624,-372060.3339802772,-3192.8419068987714,-49254.78330893628,Structurally Balanced
"Baton Rouge, LA",,-117899.89117664541,-181646.51082216413,-114997.35475474875,-107855.57432844304,-188500.41276517743,-356384.0929631046,-641326.5508359671,63875.4109835336,26468.76244312222,-324097.9822828551,-79275.35064676043,459095.69126704184,49669.136662340024,313838.093061546,-116569.27966346045,-192640.18826342234,-68913.95032070694,0.4835514242512788,-116374.97840152525,-16071.331296510936,-68913.95032070694,Structurally Balanced
"Jackson, MS",,-593517.0166185803,218822.3796729711,-757315.7281189095,-775086.9499331769,-157024.45452999743,-371425.8309701402,-550614.179438777,-446524.8442962973,-244284.51265480346,99519.11842456483,99443.76763846981,377.06466635200195,-94066.76557890349,548966.1573370355,-416977.8858362697,-261877.4908521287,60291.94101371523,0.4338772404216471,-274745.99628747907,-17399.31958441192,60291.94101371523,Structurally Balanced
"Albuquerque, NM",,13003.841565644136,-13025.244845831534,152204.5489032115,92390.85125897964,-10231.328275694977,9238.621306187008,45160.89283673931,181065.44964885875,-144162.5579531847,16139.41403973964,-135256.65782392747,17680.28483170108,-309574.97262742626,-75315.68590228306,-202076.51759533794,-81750.00169121637,164984.06572399684,0.5090982787938527,-6566.681318077223,-48539.53486621013,164984.06572399684,Structurally Balanced
"Palm Bay-Melbourne-Titusville, FL",-219641.90432117152,53645.090814052615,126745.74589062226,-416390.0600454246,-172753.19484107848,-163825.6652541086,-15550.998891621362,121512.84396706405,368197.1299326536,106106.9002805329,306396.1752691325,206240.32029625238,19378.717097082175,-22585.578887736076,-35380.73131795111,-242397.5977940585,-202468.43830598716,139255.5507199472,0.6153012430178028,21248.25152187513,-85247.80417451239,139255.5507199472,Moderate Structural Deficit
"Little Rock-North Little Rock-Conway, AR",,695606.2958799498,-1169037.126570582,209610.31441655895,-230444.93078336306,507624.4136918038,612778.974644077,450359.98248644546,-101513.30809306493,-67709.5263906857,-552730.6573156528,-101214.71172702173,-331617.4260608903,232227.83770434745,220377.0043486508,-477507.7355724382,-54206.72358455043,-211614.91168176336,0.4103055714833773,11841.548606301694,-130738.0916225253,-211614.91168176336,Structurally Balanced
"Colorado Springs, CO",,-225111.94476017775,429158.09987883084,-95380.31805944815,-107208.76354707172,-274466.4834628189,267936.2395916395,-242224.44020574167,37019.9039266319,462719.76373162493,-89098.41166944336,26722.636646974832,-501845.2509300157,-340994.0438105045,182921.00093397684,-395224.1102221331,-51893.51477418491,-359121.8088440057,0.5330901307113802,-50213.308666886136,-155829.60822658672,-359121.8088440057,Moderate Structural Deficit
"Grand Rapids-Wyoming-Kentwood, MI",90312.46410411317,653250.7486932557,-959137.9444312062,1551056.8073611557,902406.1385779362,1444767.019215664,272295.9709375985,800357.7795819892,531317.321787334,-437261.8257700186,-158266.68918121886,-851660.6944595845,-1095260.990055203,34675.18901815824,526809.2711003674,-152401.6975883753,-483233.6523023392,-572291.7837542924,0.5393366922223903,198489.3782414267,-170279.46563615988,-572291.7837542924,Structurally Balanced
"Syracuse, NY",,788761.0957901296,-1242364.0744220708,-367003.80057331175,-681212.4661766868,378929.50299310684,-185582.12077083066,-424056.0744034657,242571.11024396494,-772316.6458097668,3175.6005309685133,-10454.014854632318,-445379.93323024735,-42824.963715458754,300152.0574373342,-1477096.4728119862,410847.25836410257,25539.25055881287,0.509439189075979,-212135.13726140777,-185139.47661293414,25539.25055881287,Structurally Balanced
"Knoxville, TN",,-244304.54893598286,-744716.6730925487,102948.35613893252,-1348327.2156634582,-726645.2034232765,205472.55937395245,-80586.66958472133,-725247.6435238491,-1209319.4143621302,-262551.0907112537,-223535.94579536887,-199823.97656740993,-340450.4372632897,7283.7036990637425,-388169.27792463056,-529928.0397596885,54583.42278997658,0.5214128160175817,-445929.8387238772,-214057.5477988197,54583.42278997658,Moderate Structural Deficit
"Kansas City, MO-KS",-494661.68956825696,-1452437.548212383,-1228462.7943951674,-1486483.6630324107,-1305771.7739321347,-1360739.6620645784,-1394862.1280547362,-2045734.47861081,1803431.5262563825,-112601.26584887505,-2799456.0206689667,742076.0808063857,1970517.600019062,-1555252.1233857851,-4165301.102765605,724563.2122490108,844112.0633321516,1653314.1072694808,0.5423202320711765,-765745.5671923052,-235827.9299787404,1653314.1072694808,Structurally Balanced
"Columbus, OH",497.7762593049556,-1356521.0772148296,-90306.947245799,-2568253.0450417325,-1747940.4257280268,-1791614.8650234118,-1082015.0674838126,-492384.9560660962,281494.97378489,2443576.333703233,-362514.4846637547,851800.8675260544,-678721.477280762,-263391.6820227448,-2771738.723935984,557070.2926880401,-1405615.7342173401,2292112.9992702045,0.4697922574460514,-489735.29117839196,-332042.7915487699,2292112.9992702045,Structurally Balanced
"Providence-Warwick, RI-MA",-1073508.982787149,-523947.3126921514,-2571976.2356328666,-1590211.2806297746,-993697.6077980883,396352.55378877,88304.64938463643,76405.75457726605,-88244.11891781166,-492055.2452233732,-675176.228493982,315031.3509182576,555312.6902566971,431740.25531300623,116163.49126264919,143394.95010267803,-1334479.7496360913,-794021.7374931732,0.46334292261285476,-438976.4112811831,-467235.7614409843,-794021.7374931732,Moderate Structural Deficit
"Durham-Chapel Hill, NC",-501704.08135050116,318416.9555920237,-361778.6932265586,472057.83155687246,967699.9359316789,10739.340136417188,-1088547.9004195337,-380713.502063232,127874.90104425559,-40492.451426457614,186892.40200617025,466700.85652264114,-276065.85161774093,-563525.7266372454,-24817.19932420808,-639780.952146431,-935116.7763745259,-409185.0676454627,0.6439621593084006,-47317.5702822293,-502224.9988726569,-409185.0676454627,Moderate Structural Deficit
"Boston-Cambridge-Newton, MA-NH",705321.846813906,-102508.42355053127,1669604.8414995298,4505473.901829418,2334191.4992870875,754450.2434026897,363414.9538490698,-892096.298422616,246769.3821094036,3308053.676012341,969979.8111111484,729803.1898267865,960497.9431256074,-379393.26934196055,-1724623.7988274395,-3914991.017482402,-1549201.9869836923,4823562.947164608,0.586482988447992,1083825.9498251344,-591313.4640322314,4823562.947164608,Structurally Balanced
"Sacramento-Roseville-Folsom, CA",-50719.52429824695,175453.6784054432,651686.1601029523,1283978.1176902484,1183810.2727127336,-319683.8291001003,-480345.1685984954,-1140307.5746494867,-808674.2320455592,-160346.17284304276,237844.41671542916,-506720.8727689795,-1329833.2587330313,100744.58367423993,-460602.2750591198,-1613390.3562348927,-750546.8143355269,221777.74092258234,0.4122362169818323,-83079.52883827826,-650690.4261767393,221777.74092258234,Structurally Balanced
"Orlando-Kissimmee-Sanford, FL",-699922.9063543365,-751965.7201238135,358852.7944285758,257497.84604640678,685095.7862503957,-547353.186991347,-1064708.9268240817,86147.44911310077,382288.240810507,1433762.9956781892,176879.75676515512,13950.872912647203,268276.62879694905,298565.1281232964,-703704.8979395507,-931747.4267593352,-651764.675503076,-577228.1298405156,0.4226602090439995,64097.62561654602,-716111.2825106194,-577228.1298405156,Structurally Balanced
"Charlotte-Concord-Gastonia, NC-SC",959708.5334934127,3724664.9917488694,1673428.8827166893,5673374.854334038,-2719394.1572710834,-104987.96794183925,-950313.6671461053,926476.5677144267,-2058265.2673891596,1463684.639193209,-724661.4566554949,1108197.330290597,427821.4849744104,-993413.3758732751,-1061448.8828955386,-774214.8273559362,-3566494.504421262,2381739.2122970875,0.5051614099726329,600451.5280134781,-755104.7505939123,2381739.2122970875,Structurally Balanced
"Los Angeles-Long Beach-Anaheim, CA",2758351.2750617843,-3078544.020285297,1577902.8936878927,8671792.346509695,7025446.993528172,1629270.1843387336,330938.6644424051,1939951.9320130013,-147263.21959534287,-2515713.247913569,-406408.75531093404,-626395.0389469191,-1475408.3272651918,508444.89735379815,-2028998.2060672157,-178423.77722225524,-4795240.853830088,3827902.91718385,0.48910069632460496,1156597.6126870164,-793689.9799839272,3827902.91718385,Structurally Balanced
"Pittsburgh, PA",1678457.8726809863,-1058267.583724577,-2523195.556277469,712635.1189186294,500865.9972814992,835867.827724237,630987.1971824225,-219750.7572097797,-374241.9244090356,463525.031583827,-1839933.549578987,-792792.2649652734,-376490.8808272369,-657885.6545616239,-1548019.797005562,-786217.0326041486,-1034091.6421365924,29156.757032848895,0.5061333661208727,-215729.9375844558,-834792.9286783636,29156.757032848895,Structurally Balanced
"Hartford-West Hartford-East Hartford, CT",791545.9229807183,-154062.0544730965,-1132417.8801030032,-1549385.3511375766,92236.18748308532,1230670.5621277383,-26469.79711598903,1172999.076434698,351249.8821474798,-189727.90652558394,-1150565.08225118,-840219.7169509539,-352987.273103402,799912.2803771365,176493.47553834412,-1825464.4832527302,-1416392.5254947562,-362157.1358855879,0.5301739713792419,-68372.93929356636,-856880.1672736825,-362157.1358855879,Moderate Structural Deficit
"Louisville/Jefferson County, KY-IN",,2131602.240294192,1715899.133542981,-1433648.361090349,18603.84115345031,-956934.6927649323,-773828.8367689494,-1072166.440184676,-681205.2950682966,-158952.05302239954,-6405.573275261559,860717.275390584,560728.8035798231,-753264.1949512213,-823406.9839506801,-2192576.004078176,-218266.15264748503,-343418.24552806374,0.5217397143238282,-42219.550243465805,-894416.8465511012,-343418.24552806374,Structurally Balanced
"Milwaukee-Waukesha, WI",146006.86351943016,1861462.1166298278,-201182.53951106966,724426.9134386647,2252568.2079612724,2004331.6783987544,-257646.63364569284,-156783.71723953262,-1065962.608396113,908494.4809171986,-332244.7192796264,-1516146.11966897,209773.32358548138,432474.0146940537,-1071771.8770535402,-2116456.5933264475,-1716072.5878956849,405500.77566644177,0.5268429267232516,357826.51867169136,-1124700.0706523077,405500.77566644177,Moderate Structural Deficit
"Virginia Beach-Chesapeake-Norfolk, VA-NC",1202880.8909348026,840924.9410884827,-736448.7161190929,9338.572222479619,-61875.03541955538,-1673186.1550550591,-249260.3775992766,-6799.5213918490335,-555475.7082152935,-1223579.2743781526,-516065.462654097,-897962.5130932648,235921.6665531043,-1009635.2287553842,302665.1404333394,-1550616.4039717116,-1837684.8685074486,-1423787.2757314388,0.5709574628596934,-331515.8515630112,-1127355.8519443148,-1423787.2757314388,Significant Structural Deficit
"Bridgeport-Stamford-Danbury, CT",-223684.0611574822,-211680.46487048082,-463739.40211153403,-379790.7346126372,-58570.733344198205,-425898.0646641571,355124.3241461646,-268141.3831896316,175086.0987177794,344855.18242256436,61133.0453973501,-26306.13804218173,94210.1980304732,-315729.1415793123,-66878.32126430748,-1271124.64121468,-2279832.3881941037,-1114116.7599819426,0.4956120887733522,-95937.94820409168,-1182988.0276637585,-1114116.7599819426,Moderate Structural Deficit
"Tampa-St. Petersburg-Clearwater, FL",-1261918.5856618052,-281300.2084321426,1824084.6557981148,-760976.6694561783,-273333.409881616,-963310.0016793888,342287.76670109294,157101.78504073247,971534.5797695685,-874648.2694790233,-125630.93776045181,-244716.76832690462,-586722.8663731227,-366567.43787081074,-509013.05834527686,-1428835.6451901663,-2423671.083380999,-641091.385793834,0.466777469379246,-174579.74054370966,-1250652.793177569,-641091.385793834,Moderate Structural Deficit
"San Antonio-New Braunfels, TX",1697217.6592881298,-232510.10454308707,-771675.985586673,-176886.60228140932,-207392.99334309064,-1081188.5396206677,-1163087.251267963,-608386.7548816409,-1434045.7014621114,-646256.1600847775,59045.56041065883,-382124.0958627453,-1315770.9728657873,-706527.8084611231,-894671.1051427014,-2641505.2881587762,-1733181.3081402732,103599.39752773382,0.4373243735912093,-497827.8393258777,-1291439.5759785043,103599.39752773382,Moderate Structural Deficit
"Minneapolis-St. Paul-Bloomington, MN-WI",366330.6342260372,1005855.2781529855,2238354.134194277,4819206.133917343,6583658.427877601,4675943.1395448595,3916432.369130425,2603746.691362802,3450450.788724901,399632.56972626597,-498824.2735803798,-762143.2199141607,-1446585.6415491495,-806717.8856843635,-1493847.44405731,-4701747.067949563,-1723907.4311036207,1514142.0159500279,0.5296939763058174,1896095.6532949603,-1601339.9817901165,1514142.0159500279,Structurally Balanced
"Cleveland, OH",1237239.9511814732,1454437.5408972185,-892488.2627020404,543722.7737311199,2010895.0922461376,1950316.2925183438,1950964.1992530301,2435105.4035483934,1960308.6005543508,778540.5404088944,1603680.0380825624,570113.5690546501,-570996.3301823866,-729225.1825892832,-1989177.7298463695,-933131.2266255599,-2238246.2972468417,-2502510.2035821974,0.504064192431307,1021615.3018573188,-1915766.3643252421,-2502510.2035821974,Moderate Structural Deficit
"Cincinnati, OH-KY-IN",-405482.7047225293,-2130605.8295898326,-22115.809771765023,138622.39285280928,-1364004.7690051235,-892588.2381975129,-556309.9214888252,-724117.5048538167,-782631.704775732,-544678.7308290079,1239731.9733087774,-2571293.9924356695,-2304378.4159608027,-1320241.5838797893,-223325.02836935595,-5564436.486508484,-2959497.790355742,-357708.435587164,0.5010567097028239,-874292.4885249157,-2276241.9352051867,-357708.435587164,Moderate Structural Deficit
"Miami-Fort Lauderdale-West Palm Beach, FL",-916987.8304188335,-628109.0022302475,409685.41616214346,-822822.3506766129,-793077.1123963799,-472120.40145551413,-33812.1782203652,358797.4031880684,-407534.0034300359,-969908.3813141305,-511349.65961774904,-185399.9457576461,-225585.93429836258,-600895.003022613,-1323656.1035095397,-2696714.1693127947,-3739296.2628206285,-2449926.013476353,0.3816999193615125,-414222.78453487705,-2552398.137279829,-2449926.013476353,Moderate Structural Deficit
"New York-Newark-Jersey City, NY-NJ",-758415.520458499,-3791394.95089102,-4206653.850833796,-2463334.0501556844,-126182.30998264253,196194.75582646206,2264637.5194128454,-388386.88159938157,1944468.1661423743,467772.5504290052,-1145530.6719785947,621295.5112117417,-986083.5811439529,320583.5444518328,-2817422.237067327,-7890567.602059428,-4479883.646234611,968070.0485929772,0.4246501119046529,-575073.5549692364,-3554950.859192097,968070.0485929772,Moderate Structural Deficit
"Detroit-Warren-Dearborn, MI",11515444.305910356,8207543.359191656,-2816893.182256028,4281150.583971709,4384504.42897737,1850404.1869876236,-2942006.4463996813,-3294163.508830495,2638663.2646027133,-2832065.286185045,-3137835.4321803674,-6945878.548054468,-3339564.8790151887,-266538.329570584,3855485.04316042,-8901681.716628484,-6777185.6129208505,-3261323.611459378,0.6352243276478606,521626.0369392551,-3771176.4744620733,-3261323.611459378,Moderate Structural Deficit
"Chicago-Naperville-Elgin, IL-IN",6813955.218534492,3296122.746379733,4663868.937443376,10332138.5751694,13980153.742021292,9079758.99112992,15769308.96779482,11616967.295834325,4397401.692113586,4805879.918636553,6861166.8246703,5402558.477736786,5966447.166170798,4860669.362608321,-463528.01881795377,-15678045.327689268,-5515262.790436819,4550806.454176068,0.4988610545578404,7703314.13687455,-4276507.420691993,4550806.454176068,Structurally Balanced
"Washington-Arlington-Alexandria, DC-VA-MD-WV",-137785.4193724282,-372274.20808501914,136126.78683026135,-3049677.3228536732,-3499793.831634585,2411557.1166777164,-315406.36841091886,-563037.9944497831,1742805.0709121563,-1929874.4068133757,-841657.2855520248,1655538.4588941373,663191.7472543567,-838113.0438030902,-4020209.969155291,-8664517.926843723,-7848419.695316929,-1912901.783736186,0.6078659087749787,-352742.90717187646,-5611512.343763033,-1912901.783736186,Significant Structural Deficit
"Philadelphia-Camden-Wilmington, PA-NJ-DE-MD",-2898706.502589129,-2601620.983545132,-5620299.599063899,-2618487.9359967113,-3045375.504771523,-1703195.73355145,-852711.34124282,-4550719.0782984905,1153988.3182370104,117747.32375823706,-1194185.107612431,-3274905.840339083,-53748.27777633071,-2237046.0757450163,-9320719.915789898,-12362630.941140186,-6372131.831022162,3161759.7948328145,0.4885606017466891,-2098519.024181198,-6223430.723279858,3161759.7948328145,Moderate Structural Deficit
"Atlanta-Sandy Springs-Roswell, GA",3028312.6613950133,-3110360.8133973554,1872169.9178282097,-3403546.735530764,3620660.196076803,7087431.495690174,3194048.0563154817,1154.4112181067467,-119214.72937755287,1640440.4038603753,220484.59459223598,-1597240.529463511,-6040279.828907359,-2980047.5415753685,-14761366.821415909,-14165503.066336107,-8941845.811409,7863949.845230188,0.4640677266690433,243857.96848032065,-7501191.463482707,7863949.845230188,Moderate Structural Deficit
