MSA_Name,Avg_Gap_2020_2023,Avg_RD_Weighted_Gap_2020_2023,Rank_Unweighted,Rank_RD_Weighted,Rank_Shift
"Dallas-Fort Worth-Arlington, TX",0.1688296329792811,8475165.66100571,37.0,1.0,36.0
"Memphis, TN-MS-AR",0.4634560535500629,4217297.615588918,10.0,2.0,8.0
"Indianapolis-Carmel-Greenwood, IN",0.2624557315922233,4041752.194249691,22.0,3.0,19.0
"Seattle-Tacoma-Bellevue, WA",0.3320288642670892,3966689.1190521754,19.0,4.0,15.0
"Phoenix-Mesa-Chandler, AZ",0.1320956789888194,3207843.424249617,44.0,5.0,39.0
"Riverside-San Bernardino-Ontario, CA",0.1711103549929253,3205817.617098466,35.0,6.0,29.0
"Allentown-Bethlehem-Easton, PA-NJ",0.6828876145052818,2776667.501449587,2.0,7.0,-5.0
"San Jose-Sunnyvale-Santa Clara, CA",0.2297212011060869,2564694.0853641927,26.0,8.0,18.0
"Charleston-North Charleston, SC",0.5182311148159622,2300094.6504906225,7.0,9.0,-2.0
"Denver-Aurora-Centennial, CO",0.1538713027629903,1962270.1997286568,41.0,10.0,31.0
"Stockton-Lodi, CA",0.8156423531868153,1770665.8006702987,1.0,11.0,-10.0
"Worcester, MA",0.5496748907129257,1754212.47413156,5.0,12.0,-7.0
"San Diego-Chula Vista-Carlsbad, CA",0.1934703043013037,1748634.4043266545,30.0,13.0,17.0
"Greenville-Anderson-Greer, SC",0.3985150880801682,1715180.5009913174,11.0,14.0,-3.0
"Austin-Round Rock-San Marcos, TX",0.1524956797396277,1624571.439745796,42.0,15.0,27.0
"Nashville-Davidson--Murfreesboro--Franklin, TN",0.1851180481718009,1471164.4467783645,33.0,16.0,17.0
"Buffalo-Cheektowaga, NY",0.6155250676410722,1337736.0325351306,3.0,17.0,-14.0
"Oklahoma City, OK",0.3477042143388482,1066020.2928447437,16.0,18.0,-2.0
"San Francisco-Oakland-Fremont, CA",0.1946961284581316,1040584.9558377666,29.0,19.0,10.0
"St. Louis, MO-IL",0.0819396474594578,954269.894987269,50.0,20.0,30.0
"Toledo, OH",0.3616863685533187,939757.7095903708,14.0,21.0,-7.0
"Lakeland-Winter Haven, FL",0.5307431421023097,811357.9035034502,6.0,22.0,-16.0
"Scranton--Wilkes-Barre, PA",0.2488606986772281,738731.9381978554,25.0,23.0,2.0
"Des Moines-West Des Moines, IA",0.3544968594292204,735007.3624378716,15.0,24.0,-9.0
"Las Vegas-Henderson-North Las Vegas, NV",0.1671845990066196,726269.7136754397,38.0,25.0,13.0
"Houston-Pasadena-The Woodlands, TX",0.015660975396436,723487.4916640109,60.0,26.0,34.0
"Rochester, NY",0.1892204871497766,643757.99773793,32.0,27.0,5.0
"Salt Lake City-Murray, UT",0.0781503907875822,607459.8100669407,51.0,28.0,23.0
"Portland-Vancouver-Hillsboro, OR-WA",0.0727851355745601,602010.0010326421,52.0,29.0,23.0
"Boise City, ID",0.338132104029206,600762.7321472028,17.0,30.0,-13.0
"Bakersfield-Delano, CA",0.5788923034914193,596153.8643088512,4.0,31.0,-27.0
"El Paso, TX",0.4778408125076452,589259.3796453212,9.0,32.0,-23.0
"Greensboro-High Point, NC",0.1787939918867831,568467.3219767882,34.0,33.0,1.0
"Harrisburg-Carlisle, PA",0.2622262463814171,527721.6256942365,23.0,34.0,-11.0
"Provo-Orem-Lehi, UT",0.338102322524815,497525.27608866617,18.0,35.0,-17.0
"Jacksonville, FL",0.1137347343113193,473820.6426573893,46.0,36.0,10.0
"Birmingham, AL",0.1970442047991509,472394.0186291989,28.0,37.0,-9.0
"Tulsa, OK",0.1590304289814419,436128.1601237545,39.0,38.0,1.0
"Oxnard-Thousand Oaks-Ventura, CA",0.2857751750354835,426042.6153171556,21.0,39.0,-18.0
"New Haven, CT",0.1689772707156223,377950.230459188,36.0,40.0,-4.0
"Ogden, UT",0.3646006780699342,372286.2614546837,13.0,41.0,-28.0
"Cape Coral-Fort Myers, FL",0.5031925748076014,310112.2704334427,8.0,42.0,-34.0
"Wichita, KS",0.10187482330547,291555.0948570566,48.0,43.0,5.0
"Raleigh-Cary, NC",0.0415243723348468,283071.5008217403,56.0,44.0,12.0
"Omaha, NE-IA",0.1913367734565061,275838.44708517625,31.0,45.0,-14.0
"Fresno, CA",0.3972809696163701,248845.20428784232,12.0,46.0,-34.0
"Kiryas Joel-Poughkeepsie-Newburgh, NY",0.2136456882955588,221412.6189625574,27.0,47.0,-20.0
"Spokane-Spokane Valley, WA",0.2966026041646494,210392.52373153632,20.0,48.0,-28.0
"Tucson, AZ",0.1560665869167494,204762.6879011788,40.0,49.0,-9.0
"Deltona-Daytona Beach-Ormond Beach, FL",0.2534994986363656,191576.19899970983,24.0,50.0,-26.0
"Columbia, SC",0.1093837076315171,185162.74653603428,47.0,51.0,-4.0
"Baltimore-Columbia-Towson, MD",0.0194162096459331,167141.29119421777,59.0,52.0,7.0
"Richmond, VA",0.0655951750582684,149606.53527944465,53.0,53.0,0.0
"Chattanooga, TN-GA",0.1421947330441035,141563.02396632882,43.0,54.0,-11.0
"Akron, OH",0.100815524475375,136427.51003941003,49.0,55.0,-6.0
"Dayton-Kettering-Beavercreek, OH",0.0461996209069073,108900.86521043914,55.0,56.0,-1.0
"Urban Honolulu, HI",0.1165335499648811,97112.10097312416,45.0,57.0,-12.0
"New Orleans-Metairie, LA",0.0262530194442836,83986.39151372138,57.0,58.0,-1.0
"North Port-Bradenton-Sarasota, FL",0.0600354425368063,59196.67391708128,54.0,59.0,-5.0
"Winston-Salem, NC",-0.0217683161862338,27820.06483227512,65.0,60.0,5.0
"Madison, WI",0.0214099140148054,26338.420486388462,58.0,61.0,-3.0
"Augusta-Richmond County, GA-SC",-0.0011492730609408,9321.611484299328,62.0,62.0,0.0
"McAllen-Edinburg-Mission, TX",-0.0411713291680091,-1047.1445399193035,68.0,63.0,5.0
"Albany-Schenectady-Troy, NY",-0.015572514253805,-3192.841906898786,64.0,64.0,0.0
"Baton Rouge, LA",-0.0663041458838273,-16071.331296510874,72.0,65.0,7.0
"Jackson, MS",0.0039285757262987,-17399.31958441194,61.0,66.0,-5.0
"Albuquerque, NM",-0.0767004789721919,-48539.53486621011,74.0,67.0,7.0
"Palm Bay-Melbourne-Titusville, FL",-0.1212934023794316,-85247.80417451242,80.0,68.0,12.0
"Little Rock-North Little Rock-Conway, AR",-0.0855471985721183,-130738.0916225253,77.0,69.0,8.0
"Colorado Springs, CO",-0.1067233491585906,-155829.60822658663,78.0,70.0,8.0
"Grand Rapids-Wyoming-Kentwood, MI",-0.0634354103265386,-170279.46563615996,71.0,71.0,0.0
"Syracuse, NY",-0.0704090355169673,-185139.47661293412,73.0,72.0,1.0
"Knoxville, TN",-0.2024227101473918,-214057.54779881972,92.0,73.0,19.0
"Kansas City, MO-KS",-0.0127248717152532,-235827.9299787404,63.0,74.0,-11.0
"Columbus, OH",-0.0336580438905906,-332042.79154876934,66.0,75.0,-9.0
"Providence-Warwick, RI-MA",-0.1084070295354364,-467235.7614409841,79.0,76.0,3.0
"Durham-Chapel Hill, NC",-0.1891092652118691,-502224.99887265655,89.0,77.0,12.0
"Boston-Cambridge-Newton, MA-NH",-0.0354511495637863,-591313.4640322311,67.0,78.0,-11.0
"Sacramento-Roseville-Folsom, CA",-0.1340914923418159,-650690.4261767392,84.0,79.0,5.0
"Orlando-Kissimmee-Sanford, FL",-0.131896770356624,-716111.2825106194,82.0,80.0,2.0
"Charlotte-Concord-Gastonia, NC-SC",-0.0514970651619659,-755104.7505939109,70.0,81.0,-11.0
"Los Angeles-Long Beach-Anaheim, CA",-0.0480523261206053,-793689.9799839278,69.0,82.0,-13.0
"Pittsburgh, PA",-0.0850103570397218,-834792.9286783636,76.0,83.0,-7.0
"Hartford-West Hartford-East Hartford, CT",-0.1625761105227972,-856880.1672736823,87.0,84.0,3.0
"Louisville/Jefferson County, KY-IN",-0.1333499034410419,-894416.8465511012,83.0,85.0,-2.0
"Milwaukee-Waukesha, WI",-0.136087748895699,-1124700.070652308,85.0,86.0,-1.0
"Virginia Beach-Chesapeake-Norfolk, VA-NC",-0.3650730763173002,-1127355.851944315,97.0,87.0,10.0
"Bridgeport-Stamford-Danbury, CT",-0.4259851597431439,-1182988.0276637585,100.0,88.0,12.0
"Tampa-St. Petersburg-Clearwater, FL",-0.2026975415863017,-1250652.7931775686,93.0,89.0,4.0
"San Antonio-New Braunfels, TX",-0.1940570839744415,-1291439.5759785045,90.0,90.0,0.0
"Minneapolis-St. Paul-Bloomington, MN-WI",-0.1271740719330001,-1601339.981790116,81.0,91.0,-10.0
"Cleveland, OH",-0.1642496133074038,-1915766.3643252428,88.0,92.0,-4.0
"Cincinnati, OH-KY-IN",-0.2155156100267587,-2276241.935205186,94.0,93.0,1.0
"Miami-Fort Lauderdale-West Palm Beach, FL",-0.4180918120912116,-2552398.137279829,99.0,94.0,5.0
"New York-Newark-Jersey City, NY-NJ",-0.2007431104578279,-3554950.859192097,91.0,95.0,-4.0
"Detroit-Warren-Dearborn, MI",-0.1547621927487155,-3771176.474462073,86.0,96.0,-10.0
"Chicago-Naperville-Elgin, IL-IN",-0.0832023323073629,-4276507.420691993,75.0,97.0,-22.0
"Washington-Arlington-Alexandria, DC-VA-MD-WV",-0.408804372684358,-5611512.343763032,98.0,98.0,0.0
"Philadelphia-Camden-Wilmington, PA-NJ-DE-MD",-0.2356994496036328,-6223430.723279855,96.0,99.0,-3.0
"Atlanta-Sandy Springs-Roswell, GA",-0.2297585648160502,-7501191.463482706,95.0,100.0,-5.0
